area,bedrooms,crime_rate,distance,age,price
3119,1,1.2,14.1,28,9640357.0
1071,6,1.9,37.2,69,4248868.0
856,5,4.8,2.0,27,5176844.0
1452,5,6.4,28.3,91,5607514.0
3161,6,5.9,11.4,75,11330924.0
1639,1,7.8,8.4,54,4329932.0
1893,3,2.4,47.9,43,5618606.0
918,1,4.4,18.3,44,2562717.0
2972,3,8.3,36.6,68,7681263.0
1011,4,1.7,15.0,80,4484280.0
3033,3,6.2,35.4,5,8452292.0
3208,2,8.0,49.3,29,7481136.0
913,4,3.5,32.0,46,3179981.0
1166,3,4.2,33.7,89,1991360.0
3299,6,1.6,31.9,68,10439542.0
3486,2,2.5,19.3,81,10056857.0
3318,5,3.0,16.6,98,10827585.0
3678,1,3.1,2.1,40,11576123.0
2143,3,1.6,45.7,72,5169988.0
3440,3,2.9,25.2,82,9653849.0
2379,2,3.4,12.7,71,8039824.0
2707,3,7.7,21.7,74,7783112.0
2135,3,3.0,49.9,65,5318764.0
2521,1,7.8,43.1,19,4820626.0
3070,2,8.1,21.4,8,8517809.0
2076,4,6.4,23.7,32,6798461.0
2766,1,7.1,6.2,68,7362504.0
3575,3,7.9,17.3,37,11072849.0
2280,2,5.1,47.7,92,4684681.0
1578,5,7.9,25.6,13,5453154.0
3061,3,8.6,25.6,25,8617147.0
1126,3,7.9,27.2,99,3659139.0
2672,1,6.4,24.7,14,7064252.0
1986,3,3.2,12.4,72,6129145.0
822,1,7.6,40.9,97,587272.0
2681,2,2.2,24.0,70,7162579.0
1176,3,5.7,30.5,27,3402431.0
2708,6,7.2,35.8,51,7879165.0
3251,6,4.4,45.0,57,9613907.0
995,2,3.0,17.2,75,3048430.0
2768,2,6.3,0.9,90,9048233.0
3084,1,3.1,45.3,42,7552684.0
790,5,3.1,33.6,27,3187176.0
2708,2,7.5,44.2,73,6148449.0
2436,2,8.1,40.5,24,5113740.0
886,1,6.9,18.0,52,1448078.0
2412,6,1.5,32.8,82,8305681.0
903,1,4.6,17.3,13,2847561.0
1518,2,2.7,22.7,54,4550809.0
1251,3,5.2,43.8,9,2116480.0
2315,5,1.9,32.8,69,7932041.0
3924,1,9.7,46.4,30,9139459.0
1181,4,5.4,11.1,51,4354539.0
740,2,4.4,49.3,33,955838.0
3711,4,3.6,35.0,93,11573499.0
3708,5,7.0,24.6,24,12539640.0
1715,2,9.7,29.2,69,3450392.0
749,6,3.8,3.0,61,4757394.0
2559,5,2.4,48.1,10,8147631.0
3987,2,1.6,3.9,30,13443772.0
2153,1,9.5,28.7,74,4464413.0
2935,1,6.6,21.3,74,7617171.0
2815,5,3.8,13.4,85,9416833.0
3433,3,3.1,20.1,85,9960897.0
3143,3,5.1,46.5,9,8955262.0
538,4,6.6,28.4,12,2652120.0
800,5,2.9,13.6,44,4173995.0
781,2,4.3,8.3,69,3154766.0
3381,3,6.5,49.4,83,8788818.0
2666,1,7.0,28.0,84,6155441.0
924,2,3.4,44.5,95,1412697.0
2766,2,3.5,30.4,91,8242018.0
1904,2,7.2,42.7,64,4019087.0
2501,3,9.1,42.4,11,7200321.0
3098,4,8.5,2.7,42,9289128.0
3658,2,6.7,13.5,94,11069951.0
2309,5,7.4,28.3,14,7745523.0
808,6,9.1,27.5,47,3254497.0
2885,5,2.3,6.8,39,10935880.0
1993,1,9.1,10.9,31,4375216.0
3231,1,4.2,28.2,52,8493165.0
3042,6,2.4,46.5,20,10139556.0
3776,2,8.9,1.7,94,12121947.0
1860,4,8.2,43.3,31,4680865.0
1592,2,8.1,5.9,4,4746754.0
2427,2,2.8,46.0,44,5730122.0
1750,2,3.0,33.2,51,4992701.0
1844,3,8.8,48.4,35,4221375.0
1938,6,5.6,34.1,68,6444120.0
1856,1,2.0,48.5,22,4089633.0
2878,3,1.3,30.0,44,8832538.0
3484,3,4.9,49.2,14,9916322.0
2077,5,2.7,2.7,55,8199974.0
506,5,9.3,27.2,92,1604169.0
3539,6,7.0,18.5,8,12255946.0
3220,3,6.6,33.3,15,8528243.0
3448,3,5.6,33.5,41,10052060.0
2148,6,3.7,6.8,53,9099527.0
3223,4,7.1,45.2,78,8811556.0
2831,3,4.7,41.8,38,7625707.0
1675,2,4.9,29.2,83,3452315.0
1819,4,5.0,33.9,65,5226678.0
2438,6,2.5,4.7,65,9832643.0
3219,6,6.6,5.1,96,11360862.0
1462,6,3.8,40.4,18,5315358.0
600,1,3.2,24.0,98,992025.0
798,4,4.7,31.7,24,3662092.0
3442,6,4.5,20.3,18,12358288.0
3187,6,1.0,37.7,98,10714775.0
936,4,3.0,40.3,89,2510778.0
2621,4,1.5,12.8,15,8538615.0
2369,2,8.2,33.5,71,5743744.0
2938,3,9.6,44.6,78,7264115.0
3838,6,9.0,21.6,70,13915621.0
2326,2,7.7,24.0,33,6246820.0
3579,2,8.6,14.2,99,10322773.0
2635,4,6.6,14.1,9,8977645.0
3422,3,3.1,17.1,69,10171661.0
830,2,2.4,19.5,19,3251411.0
3393,2,1.6,20.7,69,10514966.0
2408,4,1.6,41.7,49,7629515.0
3653,5,9.5,1.5,97,11994307.0
2858,4,5.3,47.2,38,8695397.0
3586,4,8.7,47.7,53,9037075.0
2704,6,7.6,40.1,28,9000428.0
2499,2,3.5,24.5,49,8272227.0
1876,6,7.1,20.5,21,6792732.0
3942,4,9.3,49.0,68,10322852.0
610,4,6.3,33.3,10,2034825.0000000002
3132,4,2.2,23.4,6,10224263.0
1565,4,3.9,23.0,43,4664669.0
3617,4,3.5,47.6,53,10390281.0
1533,1,5.2,37.6,6,2637849.0
1933,2,6.9,39.2,83,4470796.0
664,1,9.5,10.4,2,1052288.0
3044,2,3.1,23.9,14,9831967.0
2810,2,5.2,13.2,47,8123374.0
1187,5,6.5,37.5,14,3804970.0
3685,2,9.7,5.9,3,11681758.0
1777,5,7.1,47.9,50,4360568.0
3428,2,1.7,34.7,80,9592729.0
1494,1,7.3,15.4,87,4200571.0
2959,1,8.2,28.5,5,6803259.0
1922,5,4.9,18.8,64,7108316.0
3152,3,1.1,21.3,62,10100941.0
932,4,9.6,32.0,58,2836911.0
3397,2,4.9,36.8,83,8327525.0
1606,5,8.3,27.1,61,4667772.0
2404,4,8.4,29.8,41,7437970.0
3988,2,8.5,4.8,57,12237492.0
1498,4,6.1,33.6,43,4614246.0
617,4,8.7,9.5,27,3044224.0
1953,3,4.1,44.1,89,4458988.0
1631,5,1.1,47.4,10,5479126.0
1488,6,4.7,28.0,30,6090536.0
3328,4,6.8,24.8,2,10196825.0
881,3,3.0,34.7,39,3345887.0
3219,5,4.3,27.9,44,10848916.0
2242,6,6.0,17.9,58,7845349.0
1609,3,3.3,6.5,24,6380276.0
1792,1,7.7,47.6,88,2298660.0
1258,2,2.9,24.5,92,3692542.0
2914,5,6.4,49.0,24,9111297.0
1713,2,4.2,15.5,90,4583659.0
2687,2,3.5,48.7,70,6907688.0
1696,6,9.5,32.1,96,5759390.0
2510,1,8.9,28.9,60,6306030.0
2460,4,4.1,48.3,32,7843396.0
2456,1,8.4,20.3,9,6345306.0
2863,6,7.2,8.0,72,10232132.0
1744,1,9.9,6.4,97,3992243.0
2204,5,6.4,31.1,99,6514095.0
2640,4,5.1,22.4,75,8376450.0
2256,3,6.1,3.5,94,7683575.0
906,2,6.6,13.6,10,2966345.0
1143,2,2.6,4.2,0,4872591.0
2173,4,7.2,23.8,4,7095500.0
1448,3,7.4,35.3,58,4275767.0
791,6,3.1,13.6,80,4350672.0
2915,6,8.2,10.3,14,12200084.0
2730,2,6.8,45.5,18,6957833.0
792,1,2.5,15.7,95,1437422.0
3876,5,9.3,22.2,59,11757554.0
3320,3,7.3,47.2,64,8791236.0
2711,4,4.9,30.1,55,8251269.0
3508,3,6.4,1.8,29,12006000.0
3261,5,6.3,1.5,97,11829618.0
3253,3,6.2,38.3,22,9077586.0
2427,5,6.9,45.8,23,6762604.0
2897,4,6.7,24.8,11,8468577.0
2425,3,4.7,16.4,13,7696743.0
1158,3,4.7,25.0,84,3762199.0
2140,5,1.3,4.9,32,8992046.0
1824,1,9.7,20.5,65,3529131.0
3878,1,6.9,27.4,52,10400590.0
722,2,5.7,31.3,63,1408658.0
3061,4,7.8,10.6,70,9581072.0
1036,3,4.9,35.1,15,2864862.0
618,6,6.5,12.3,20,4018104.0
1772,5,1.1,20.7,28,6459515.0
3946,1,5.2,6.3,19,12086893.0
2541,6,3.6,35.4,53,9008392.0
3919,4,9.8,12.6,70,12838525.0
1092,4,2.7,30.2,95,4047901.0
1059,1,3.5,39.6,53,893166.0
1892,5,3.4,0.6,92,7377088.0
1722,5,6.2,33.2,19,6048517.0
2329,5,5.4,17.0,97,8368892.0
2725,4,5.1,16.4,24,9482523.0
3356,2,6.1,12.1,99,11784365.0
2182,1,3.9,23.9,48,6006445.0
2081,6,8.1,32.8,19,7765782.0
2528,1,2.1,48.3,42,6226000.0
911,4,1.9,45.6,1,3083695.0
3459,2,4.7,32.9,19,9509366.0
806,4,8.0,13.6,79,3422484.0
3337,4,6.8,42.7,86,8879588.0
2685,4,9.6,31.5,97,7416591.0
2498,5,1.3,3.9,80,9526319.0
3303,3,10.0,37.5,55,8799937.0
903,6,7.3,5.5,21,6256329.0
3342,3,9.1,2.8,7,10007368.0
1701,3,4.4,7.7,67,6286130.0
2187,5,7.1,9.4,22,7464643.0
823,5,8.8,31.2,30,2643035.0
2538,5,2.3,23.3,32,9603475.0
2382,3,7.0,45.0,59,5933140.0
1678,6,5.9,4.2,44,6975128.0
2906,3,6.8,21.5,32,8445349.0
2371,3,2.8,19.5,61,7892798.0
936,2,4.4,18.3,37,2402817.0
3364,3,1.2,41.6,50,9750229.0
1624,1,6.1,34.4,95,3089785.0
700,5,7.7,41.7,36,1739200.0
3677,2,6.5,17.9,81,11652972.0
1278,5,3.3,37.9,98,4435959.0
3200,6,8.5,31.6,80,9257429.0
3147,1,3.8,22.3,74,8669227.0
1994,6,2.2,45.5,41,6451107.0
3561,4,2.6,7.0,69,12654216.0
1998,5,5.5,14.0,21,7242740.0
1552,4,9.7,15.1,43,5158632.0
3794,1,5.2,4.2,96,11424493.0
1424,6,7.5,49.0,71,4649877.0
1998,1,8.1,1.2,68,5183852.0
1006,4,4.3,37.6,33,2875750.0
2894,4,8.4,47.0,13,7689528.0
3264,2,5.2,31.2,71,8530336.0
1843,5,3.0,3.6,59,8636727.0
3371,3,6.8,6.3,5,11295490.0
652,3,10.0,6.2,30,1865559.0
2701,2,4.5,18.9,95,8191930.0
3352,5,4.8,37.2,19,11682078.0
2199,6,1.9,24.7,52,8928232.0
1645,1,7.2,11.3,56,3610316.0
1467,3,1.9,34.4,69,3903883.0
3141,3,1.5,14.2,15,11121455.0
3973,4,1.8,11.0,81,12930166.0
2945,1,1.5,17.0,16,8976909.0
3723,5,2.8,41.6,70,11846317.0
1348,5,2.9,43.5,42,3905535.0
3671,2,8.1,30.0,35,9998238.0
1092,2,5.9,40.0,14,500000
3207,1,2.2,18.2,100,8478807.0
1474,5,3.9,9.1,6,6420716.0
1019,6,4.8,6.1,8,5108109.0
2450,4,8.0,25.9,13,8506205.0
2351,5,3.0,30.9,93,7027930.0
3708,6,5.7,23.2,3,12658978.0
749,4,8.6,21.6,13,2807370.0
2508,6,9.2,4.1,10,10569636.0
1819,5,2.3,6.7,79,6779069.0
3093,5,5.9,16.6,76,11060581.0
2673,3,5.1,30.5,12,7929116.0
3748,6,2.0,32.9,98,11918246.0
2758,6,8.8,21.8,29,9890051.0
2194,3,8.4,20.2,93,6366529.0
889,3,4.8,33.4,47,1981892.0
1125,6,9.3,3.8,10,5739901.0
881,4,1.9,37.1,16,2825344.0
2778,1,6.3,28.3,42,7135758.0
3244,1,4.7,43.7,96,7928065.0
2232,6,1.5,14.7,39,9909008.0
1940,1,6.2,11.0,84,4611093.0
2475,2,8.6,17.8,71,7886516.0
2005,1,7.9,28.9,54,3533957.0
3961,5,9.8,41.0,78,11387108.0
3264,6,6.0,30.6,84,11036158.0
3897,6,3.4,9.4,89,14076495.0
3622,3,9.3,17.9,23,10614651.0
1086,5,6.9,3.9,94,4798939.0
3093,1,1.8,26.8,48,8272500.0
2219,4,4.1,18.8,92,7052318.0
1828,5,6.4,44.2,19,5963801.0
1144,5,1.4,4.5,56,5965507.0
3211,4,5.4,22.4,34,9956546.0
1382,5,2.0,21.8,36,6125799.0
3277,6,6.3,26.6,39,11329649.0
686,2,4.6,30.2,0,1994431.0
1337,3,9.5,38.5,97,2965814.0
1546,3,4.0,0.9,95,5303503.0
2263,2,2.2,26.9,29,6298910.0
2549,5,8.5,40.4,9,8105646.0
2126,6,1.4,1.4,9,9928185.0
1782,5,4.9,20.5,81,6415550.0
2210,3,2.0,1.5,41,8208663.0
1203,5,5.1,34.6,46,4777832.0
860,4,8.6,12.5,75,2924215.0
2140,5,1.7,43.6,95,6868548.0
1890,2,4.0,8.8,65,5903904.0
3093,1,5.8,10.1,99,8590160.0
1931,3,7.5,41.0,18,5452388.0
1467,1,2.3,10.3,77,4683708.0
1126,6,1.7,47.6,80,4334754.0
2523,4,7.8,38.1,57,7751739.0
3289,5,6.8,49.3,41,9527501.0
3069,3,2.4,3.9,56,10832976.0
3086,3,8.2,29.8,45,8567867.0
2578,1,3.8,22.9,7,7336083.0
2010,3,1.7,43.3,11,5574929.0
3019,5,5.6,23.4,70,10025497.0
3743,6,9.1,22.8,73,12611578.0
3169,2,3.9,24.0,19,8912890.0
753,4,1.9,45.0,43,3150193.0
3425,1,5.5,9.0,31,9616992.0
3398,4,9.9,26.4,78,9386906.0
1150,3,4.4,14.5,52,4604055.0
3672,3,7.1,3.1,80,12146831.0
3151,3,1.6,5.2,86,10915059.0
2083,3,3.3,42.7,77,5713172.0
1115,3,1.7,33.3,44,3283877.0
1770,6,7.3,19.9,76,6256373.0
3403,1,3.8,19.1,42,9701902.0
3830,2,7.0,41.5,94,9406420.0
3307,5,1.8,33.7,65,11218559.0
1982,1,4.3,9.4,27,5837472.0
1899,4,2.7,50.0,19,4919252.0
816,3,8.6,5.5,98,2662308.0
2710,6,9.0,2.4,43,10601465.0
3638,5,2.2,19.1,20,12357138.0
1240,6,7.9,40.5,21,3888890.0
3453,4,1.4,18.5,92,11455843.0
1472,4,6.5,37.7,100,4003483.0
2338,2,5.8,15.8,100,6390529.0
2421,2,4.3,47.4,56,5447481.0
2391,3,8.0,25.4,53,6954024.0
1163,2,8.2,7.4,32,2914958.0
713,6,5.3,18.9,13,3395269.0
3413,5,8.7,14.6,97,10794778.0
1156,3,5.0,25.9,55,3291277.0
875,2,8.4,44.3,3,1210453.0
2199,1,4.6,19.0,49,6679678.0
834,3,3.0,16.3,12,3755829.0
3937,6,6.8,39.7,17,12481031.0
656,3,9.3,23.9,17,1748492.0
3608,6,5.2,31.0,10,11702736.0
577,3,2.9,7.9,93,2571744.0
2993,5,4.8,38.9,30,9259671.0
1733,1,1.4,21.3,79,4760359.0
2372,1,2.0,45.3,76,4857385.0
2695,1,6.7,29.0,91,6769673.0
1088,3,4.9,30.9,30,3845369.0
2837,4,2.7,33.6,67,8671620.0
1977,1,9.6,27.4,100,4301855.0
2579,5,1.2,43.7,5,8752071.0
3103,4,9.8,13.1,2,9963390.0
1962,1,4.1,36.8,80,4348046.0
924,5,7.6,17.0,5,4143296.0
1943,5,4.0,32.3,99,6367838.0
3304,4,9.8,24.2,23,9720496.0
3823,2,1.6,38.9,58,10586255.0
651,3,2.8,39.7,5,1911998.9999999998
1792,3,5.6,49.5,69,4721571.0
2439,3,1.3,32.5,36,7861635.0
1962,1,8.8,16.9,15,6162591.0
3774,3,4.9,20.3,56,11153327.0
2083,3,9.8,25.1,63,6135160.0
2004,5,3.4,4.6,54,8263671.0
823,4,6.4,41.2,69,3018901.0
1703,3,1.9,16.7,37,5494851.0
1755,4,6.4,21.6,88,5185140.0
2318,3,5.0,36.5,45,6104304.0
3018,4,3.5,49.0,7,7657053.0
807,6,6.7,18.5,95,3588123.0
3282,2,9.6,7.6,77,9241434.0
3277,4,1.3,3.8,99,11591196.0
3142,3,4.3,47.5,4,8771877.0
2978,2,7.1,47.5,47,8052085.0
2318,1,6.2,26.7,50,6224211.0
1787,6,3.5,48.0,3,5807549.0
3513,2,5.5,19.7,71,9699793.0
982,3,8.0,35.3,27,2491959.0
3006,3,7.2,49.9,25,7017884.0
1002,2,8.7,22.9,91,2951729.0
2323,1,8.3,48.4,40,5108720.0
3235,3,7.4,27.7,37,9160413.0
1728,2,7.4,46.4,81,2362433.0
1213,3,5.6,6.5,25,5305936.0
3744,2,3.1,25.0,46,10884731.0
2769,5,4.3,40.3,70,9130908.0
1031,5,9.0,3.8,50,3955787.0
3436,6,5.3,20.8,52,11678313.0
3872,5,1.7,48.6,82,11608621.0
803,4,5.2,26.1,16,3027490.0
3895,5,6.8,9.5,16,13224968.0
2272,5,9.2,3.2,15,8972424.0
2622,2,3.7,8.5,90,7587190.0
1423,3,9.5,26.2,36,3757811.0
3964,1,3.3,31.9,70,10677147.0
1624,2,6.6,30.9,11,4369219.0
2558,6,2.5,47.1,19,8829807.0
1201,6,6.6,45.1,43,3410679.0
3951,5,1.4,43.3,10,11730943.0
686,6,7.9,13.6,26,4596838.0
3641,5,4.7,32.1,63,11699157.0
3068,5,3.6,47.9,61,8769757.0
1503,6,4.7,23.0,88,6724575.0
745,2,5.0,24.5,26,1937837.0
1893,5,2.3,43.1,40,6683648.0
3507,3,9.8,7.0,47,10989759.0
2609,5,2.0,12.5,15,10957373.0
1595,4,3.2,5.3,37,7392670.0
2073,5,4.8,48.2,20,6104518.0
3832,3,9.4,36.2,24,11111785.0
3625,2,5.5,26.0,63,10532687.0
1763,4,1.2,47.3,64,5668315.0
2372,2,2.9,18.0,6,6913539.0
1652,4,6.4,42.2,86,4619025.0
2427,3,5.8,42.4,55,6835212.0
1048,3,7.5,38.3,46,1369631.0
685,4,1.5,28.3,46,2168371.0
2766,3,1.7,25.5,97,7348384.0
2752,3,8.4,31.4,78,7321297.0
986,2,9.8,20.0,43,2621771.0
2784,3,7.8,10.4,65,9478178.0
2144,5,1.4,2.4,91,8754047.0
1864,4,5.7,7.9,65,7616307.0
1072,3,9.4,16.3,50,2520950.0
3025,6,8.6,29.9,64,9048309.0
3892,5,5.8,35.6,38,12098227.0
2445,1,4.3,33.9,53,6137032.0
2890,3,8.2,36.4,88,7573653.0
3077,1,6.4,13.6,83,7462279.0
3706,5,6.2,36.2,74,11273440.0
2467,2,5.7,36.2,99,5373766.0
3945,4,2.3,34.2,4,12709836.0
2845,6,2.0,1.4,40,11748299.0
2215,2,4.7,10.6,64,6355061.0
3674,5,9.3,43.7,94,10180067.0
3479,1,7.4,26.2,71,8502394.0
1831,6,5.3,19.2,22,7361661.0
2382,5,4.1,18.0,98,8823571.0
3452,6,6.8,34.8,78,10553137.0
2483,2,9.6,14.3,38,7336023.0
1421,3,7.9,35.4,88,2997872.0
3387,4,3.9,17.8,92,10524564.0
1620,3,2.1,34.0,48,4656485.0
2116,3,9.6,40.3,37,4670379.0
672,3,9.6,4.4,56,2279176.0
3186,3,7.7,11.1,68,9294062.0
1610,5,7.3,7.3,78,7327362.0
3534,5,3.2,3.0,67,12814631.0
1424,6,3.1,5.5,42,6627138.0
3438,4,1.9,38.7,0,10795989.0
2754,2,4.7,46.8,60,6595836.0
2455,6,2.8,48.2,41,7859516.0
1669,6,1.5,38.6,83,6319083.0
2851,2,5.8,36.3,4,8016753.0
1217,4,8.9,9.2,4,4515750.0
3925,4,8.1,9.7,95,12217091.0
1685,1,1.1,28.6,13,4312475.0
1872,3,5.1,32.2,67,4010040.0
2523,2,8.7,23.7,24,6136405.0
3812,1,4.0,36.7,82,10474437.0
1553,6,2.7,37.0,37,6676483.0
2825,6,7.8,9.2,81,10205482.0
2160,4,5.6,4.8,85,8043278.0
890,2,9.8,24.1,31,1985625.0
527,3,4.5,22.6,34,3370440.0
1850,3,6.2,28.9,33,5879787.0
3177,3,7.2,3.6,15,10492042.0
2406,3,2.4,34.5,90,6325230.0
3653,3,7.2,32.1,37,9645777.0
2005,5,3.0,47.9,61,6116731.0
1127,4,7.7,30.5,53,2942825.0
3375,5,9.2,38.0,85,9168874.0
3881,2,7.9,34.2,76,9939714.0
3725,1,5.7,26.6,46,9504226.0
819,5,2.0,41.5,64,3705570.0
1328,5,5.8,8.6,66,6084819.0
2309,1,7.1,36.0,62,5103014.0
872,5,5.0,3.3,16,5610972.0
2602,4,5.1,3.4,59,9369684.0
3255,3,7.5,20.1,0,9579358.0
3554,2,6.2,2.7,44,11948562.0
3368,1,5.9,3.5,8,10568455.0
2433,1,3.6,9.4,17,6865377.0
3636,6,9.8,32.5,53,11442831.0
2033,4,5.0,45.9,48,5126191.0
2038,1,7.1,33.3,69,3702601.0
1044,6,8.7,6.4,68,5565088.0
2109,5,2.1,48.9,0,7626708.0
3597,1,9.8,23.4,92,8481717.0
2730,4,5.8,41.3,31,8171484.0
2386,3,2.4,9.8,92,7642679.0
3635,1,1.3,33.2,78,9481438.0
3637,1,3.2,3.8,76,10724804.0
637,4,6.4,35.3,6,1544005.0000000002
1502,6,1.4,22.2,69,6435260.0
1389,1,2.3,49.7,29,1891525.0
3841,6,6.2,29.1,98,12593228.0
3254,3,3.1,43.9,84,8811881.0
2635,2,4.7,14.1,71,7755526.0
2923,6,9.2,31.5,54,9050219.0
2776,4,1.4,17.5,82,9114615.0
3249,4,8.1,16.3,53,10734695.0
2172,2,3.7,9.6,68,7076458.0
2439,2,8.6,15.4,90,6248223.0
1091,4,9.2,28.3,53,3222666.0
2782,5,2.2,12.5,26,10746693.0
1852,6,1.7,22.8,47,6676298.0
878,5,7.5,9.9,34,4490680.0
2044,6,6.4,2.5,9,8490689.0
1270,5,7.5,28.2,61,4630299.0
1355,3,3.7,45.5,27,2903371.0
1278,6,2.1,50.0,61,3416559.0
1493,6,6.4,10.6,30,5845229.0
2761,3,8.0,19.3,68,8202042.0
3157,3,3.8,18.3,63,9990861.0
2408,1,8.2,36.3,97,4651842.0
3939,3,9.2,18.8,52,12016296.0
687,5,8.8,37.2,2,1480240.0
1568,5,9.4,29.2,53,5005961.0
1709,2,2.8,11.9,72,4786492.0
3913,2,5.5,32.9,87,10283082.0
1882,3,7.9,24.7,92,5184699.0
3128,6,5.4,8.8,45,11248794.0
1193,2,7.5,24.7,69,2556723.0
3128,1,5.7,42.0,9,8172146.0
3850,6,1.4,0.8,17,14496555.0
3951,6,3.1,35.5,1,13680846.0
1395,5,5.1,3.5,81,5530147.0
3231,5,9.2,33.1,2,10372902.0
527,5,6.0,1.1,67,4311784.0
3458,3,5.8,14.7,64,9503178.0
3830,6,7.1,40.4,22,11751553.0
938,1,5.7,12.4,79,2517536.0
2656,3,8.3,13.7,50,8101478.0
823,3,9.6,23.2,31,2379572.0
3355,2,3.7,41.5,10,8768008.0
3177,6,7.8,5.1,48,11799294.0
2044,5,5.3,32.0,89,6479162.0
1201,1,5.5,22.0,100,3036891.0
1856,5,9.8,48.7,67,4945210.0
674,2,2.9,43.5,72,865801.0
2447,3,1.4,4.2,35,8610062.0
2724,5,6.9,9.4,40,9568197.0
564,2,6.3,37.7,91,500000
3862,4,9.4,15.3,72,12218226.0
1484,5,8.5,19.8,69,5056508.0
1858,4,7.8,7.4,88,6628887.0
3466,1,5.5,48.7,6,9420700.0
900,4,3.1,4.3,77,4725562.0
3649,5,9.6,20.1,99,11323989.0
1836,1,6.7,39.3,57,4188606.0
2509,2,4.2,47.1,55,5772963.0
1260,6,6.3,19.3,98,4175938.0
3033,3,8.2,35.8,10,7934957.0
1597,2,4.4,39.3,19,2855605.0
3529,4,3.9,5.8,0,12231244.0
1762,4,4.2,13.9,16,6600209.0
857,2,4.9,28.1,65,2689218.0
2171,1,1.2,18.0,11,6601463.0
2945,5,8.1,43.3,1,8745450.0
1695,4,4.5,4.7,71,6959702.0
1494,5,5.7,34.4,21,3981433.0
1068,3,3.7,24.9,8,3666807.0
1184,4,3.5,15.3,100,4822432.0
815,3,3.3,12.7,80,2340707.0
2530,5,6.6,23.2,17,9256877.0
1747,1,9.5,16.9,79,4220248.0
2056,3,5.0,21.8,83,5955357.0
2934,2,3.7,30.4,88,8288390.0
1322,4,3.8,48.2,40,4611346.0
1693,6,7.3,24.8,73,6334933.0
3702,2,3.9,14.4,100,11120110.0
2109,3,2.0,28.4,75,6102320.0
2734,2,7.1,27.7,93,6717078.0
2390,6,2.9,40.0,88,8355167.0
783,4,7.1,7.4,38,3150959.0
1491,3,6.9,35.9,48,3783783.0
802,4,9.9,24.2,51,2212172.0
2688,5,9.3,43.5,53,7933489.0
2726,1,8.1,18.3,68,7279831.0
2932,6,9.2,5.9,31,11444769.0
3193,6,4.2,32.5,5,10753992.0
2806,6,7.1,20.3,96,9578063.0
1858,4,2.0,5.4,28,6974619.0
2591,6,5.7,29.2,73,8655854.0
1405,4,4.4,23.4,86,4863650.0
2910,6,5.5,17.6,3,11163494.0
2477,1,3.7,46.1,10,5244918.0
975,6,2.3,15.9,58,5544802.0
3712,2,5.7,17.7,12,11798818.0
2294,6,7.3,16.3,38,8853717.0
683,6,2.0,42.5,82,3752397.0
947,6,8.2,46.5,94,2339106.0
1499,5,2.6,8.4,71,5839673.0
2246,4,3.1,20.5,23,6898640.0
1263,6,6.9,20.1,94,5872022.0
3015,2,5.0,21.8,0,9282182.0
3386,2,2.9,37.7,8,9415208.0
2864,1,8.2,27.1,46,7326984.0
1835,2,5.1,13.5,62,4947256.0
2661,6,3.8,19.7,50,11090875.0
2904,1,4.1,42.4,79,6851610.0
1206,6,7.4,15.2,78,5282697.0
2917,1,7.0,16.0,30,8463883.0
1750,1,2.6,34.8,65,4165504.0
2091,4,6.4,29.0,54,6524942.0
1260,4,6.7,34.8,82,3064763.0
1209,5,2.5,14.8,23,5757734.0
1788,4,6.6,43.3,1,5975012.0
2484,2,2.8,19.5,71,8014710.0
2570,6,5.5,34.4,53,9471593.0
3408,4,5.4,4.6,3,11683393.0
3759,2,3.6,14.1,68,10877198.0
1682,2,8.0,28.5,98,3768107.0
3637,4,5.9,6.1,14,12473862.0
1597,5,8.4,18.7,96,6083095.0
670,6,5.0,11.3,54,3328768.0
919,6,8.5,37.7,38,4096775.0
632,4,3.4,43.2,11,1761997.0
2298,1,8.0,12.2,94,5800560.0
2908,6,4.2,35.7,80,9112948.0
2253,2,6.5,39.4,26,4681572.0
3799,1,6.1,26.8,76,10478585.0
2706,2,3.9,35.4,37,7309658.0
2845,3,9.6,26.0,86,7200020.0
3838,1,2.2,37.6,52,9506461.0
742,3,8.8,6.8,16,2758108.0
1522,2,7.4,41.5,97,3600510.0
3955,6,4.5,7.5,80,14010205.0
1600,6,4.7,22.9,81,5528429.0
3754,1,4.6,37.6,88,9359129.0
2011,4,9.6,16.7,0,6601639.0
3670,6,1.8,48.6,81,10146557.0
3220,6,4.2,3.6,68,12192853.0
2129,2,9.7,41.3,63,4421533.0
1599,3,8.5,17.2,73,5070103.0
1034,5,8.7,39.5,87,3746478.0
3622,1,1.4,31.5,58,10424282.0
566,1,9.4,8.3,58,918556.0
502,4,2.8,34.6,16,1362738.0
3162,3,2.4,46.7,35,10022679.0
882,6,4.2,4.6,85,5100609.0
3157,2,1.5,31.5,92,8792964.0
3364,2,4.9,5.0,12,10779938.0
504,2,5.3,7.1,28,2086042.0
2627,6,5.0,0.9,43,10548820.0
3846,1,9.9,21.4,16,10111169.0
2456,1,3.1,4.9,13,7474571.0
922,3,4.3,15.3,48,3314624.0
3668,2,6.8,34.0,8,9812288.0
2672,5,1.1,32.7,56,8634578.0
1938,6,2.9,37.5,52,6942215.0
3023,6,5.0,11.3,12,11316512.0
1073,1,6.3,19.5,54,3095996.0
1788,2,3.2,32.4,31,3443516.0
2766,5,6.4,30.6,99,9178753.0
3328,1,8.6,33.1,38,8902042.0
1341,5,6.5,9.8,50,4596305.0
1710,6,1.5,44.9,30,5913657.0
2527,4,2.0,25.2,76,8055280.0
790,5,9.0,1.1,46,3481245.0
1796,2,4.5,42.0,53,3684092.0
1996,5,7.1,38.3,98,5317713.0
798,1,6.3,1.2,27,3445135.0
663,1,9.5,20.2,36,1316839.0
3074,6,5.5,21.1,89,11307777.0
2147,1,6.8,27.1,19,5671836.0
1636,1,3.8,25.8,26,3543475.0
3809,2,5.8,19.8,81,10689740.0
3626,6,7.1,3.8,89,13277687.0
2291,6,9.6,12.3,31,8031937.0
853,4,2.0,30.8,7,3640499.0
1766,6,7.7,37.2,15,5972838.0
551,6,2.2,1.1,63,4375590.0
1920,5,5.7,41.2,33,6320479.0
1183,3,2.1,39.2,34,3431131.0
3502,1,7.9,2.0,54,10165517.0
1614,5,1.6,35.8,73,6106664.0
3070,1,5.5,25.8,7,7794469.0
2546,5,2.5,8.3,98,9790967.0
921,5,7.1,6.2,94,4569550.0
2584,1,1.4,43.2,31,6142227.0
688,4,4.3,46.1,22,1882066.0
644,5,8.2,35.8,83,1281444.0
2217,2,3.9,21.1,92,6708013.0
1810,3,8.4,28.8,15,4982549.0
2556,6,9.1,9.4,66,9196639.0
688,4,1.6,23.5,36,3573504.0
3668,3,3.9,27.9,1,10861829.0
2011,2,3.6,39.3,94,4033770.0
3050,2,5.2,29.8,63,7546686.0
3664,2,7.6,27.6,31,10500004.0
1116,1,9.4,1.7,69,2337786.0
1918,6,8.6,43.9,42,6866397.0
505,6,4.4,37.0,39,1489036.0
925,2,5.8,12.3,62,3618228.0
745,2,7.4,5.1,29,2700508.0
3963,5,4.7,44.8,58,11840644.0
3563,1,6.2,25.5,81,9116541.0
3858,4,1.7,28.6,55,12398568.0
3213,2,3.1,13.4,40,9940183.0
3780,4,7.3,36.9,40,11616650.0
2354,3,3.1,47.2,17,6364113.0
3694,5,2.0,5.7,57,13387150.0
2408,3,4.7,27.0,98,6732194.0
1350,4,3.8,13.6,15,5386528.0
870,2,8.3,15.6,90,2203900.0
3354,5,1.4,41.9,41,9766916.0
1107,1,7.4,48.4,50,500000
2603,1,7.1,13.4,22,7690632.0
627,4,8.7,28.0,70,1846432.0
1523,1,5.2,40.3,17,2857009.0
997,1,1.6,39.2,28,1740215.9999999998
1035,2,8.4,18.9,80,2593790.0
3140,1,6.2,13.3,9,8820121.0
589,1,2.8,32.5,16,500000
876,3,2.1,47.1,6,2130922.0
1188,5,4.9,36.4,63,3449814.0
620,4,7.1,9.1,27,3264126.0
1266,3,3.5,44.2,4,2366709.0
3015,5,6.6,32.5,63,9959577.0
2187,5,5.3,4.8,49,8782298.0
1062,4,2.8,44.3,67,2984014.0
1520,6,9.9,27.4,2,6181345.0
2066,6,4.2,27.5,62,8425737.0
1909,5,5.5,19.7,23,7584185.0
606,3,6.4,2.0,99,1662563.0
1650,1,8.3,23.8,45,3065212.0
3640,5,10.0,48.7,12,10112591.0
1515,6,3.2,26.9,94,5923045.0
729,2,6.2,49.1,49,625829.0
1953,2,2.6,29.8,94,4776129.0
3357,3,9.2,1.9,89,10704383.0
1940,5,6.1,28.4,24,6292309.0
3927,4,5.9,9.2,4,12905242.0
869,1,3.1,11.3,67,1693670.0
2457,1,4.0,30.9,16,5884384.0
1895,6,2.6,40.2,41,6034158.0
743,1,2.3,35.4,18,651064.0
3671,1,8.6,43.1,9,9479820.0
2030,6,9.5,20.1,12,7100301.0
1878,3,3.9,48.8,93,5655191.0
2289,6,9.6,32.6,22,7913658.0
3396,5,7.2,46.5,100,9735418.0
1961,2,7.0,40.8,48,3973822.0
1756,6,7.2,6.8,93,7593154.0
507,6,9.5,19.9,98,2298182.0
2824,1,2.6,16.3,78,8068004.0
1404,6,6.1,46.9,18,5947042.0
1856,6,1.7,17.7,40,7764971.0
1187,6,9.0,4.9,90,6040636.0
3244,6,7.6,17.1,1,11260412.0
1586,2,3.2,3.9,32,5565506.0
3723,1,7.5,2.9,56,11879400.0
3500,4,9.7,44.3,63,9186517.0
2051,3,5.9,5.5,61,7889224.0
3730,5,6.9,34.5,20,12028875.0
2348,1,8.2,2.2,2,6822767.0
1805,3,9.6,4.2,21,6456203.0
2037,2,7.6,27.6,11,5902277.0
1884,5,9.9,44.7,90,5287904.0
626,4,9.5,8.7,55,1932888.0
1143,1,1.9,10.7,24,3220432.0
2176,6,6.0,46.3,69,6644241.0
1586,6,3.5,12.3,6,7225784.0
2109,5,5.9,24.8,6,7777336.0
1977,1,4.8,15.1,84,5364850.0
3060,5,5.3,5.3,26,10587328.0
1199,6,3.6,4.6,14,6627098.0
1763,4,5.2,44.8,33,5169292.0
873,6,5.9,9.7,48,5083895.0
2013,2,5.0,13.5,59,6609390.0
1578,2,8.5,28.4,19,4285961.0
3581,6,7.0,4.7,44,13317590.0
3810,5,4.7,37.9,29,11884918.0
2767,1,8.6,41.0,53,5295520.0
2693,6,8.8,24.0,30,9563809.0
2450,3,1.7,45.2,91,6568843.0
642,5,6.1,26.1,73,2781789.0
3275,5,2.3,47.5,57,9296626.0
1208,2,9.7,40.5,16,1508472.0
674,4,1.7,34.3,25,3038576.0
3869,6,2.3,30.0,40,13157223.0
3478,1,1.8,28.0,70,9844750.0
1835,3,5.7,45.9,1,4649159.0
3721,6,6.6,26.4,53,12432878.0
960,4,2.3,28.5,74,3824141.0
3606,1,9.3,28.4,12,9149978.0
3718,3,8.8,44.1,52,9857060.0
1581,4,6.9,28.8,60,4581863.0
653,2,3.5,7.6,77,2126752.0
3288,6,4.6,20.1,42,11534414.0
3328,2,1.4,24.0,34,10085066.0
2025,1,4.0,39.8,39,4250626.0
1648,4,8.7,34.4,29,5336878.0
1050,3,9.8,22.4,41,2397697.0
1603,6,4.8,32.5,24,5990565.0
2309,2,9.2,20.7,62,5942135.0
3610,5,8.8,41.1,65,11293488.0
3741,2,1.6,35.6,51,10626277.0
1055,5,8.9,1.9,24,5575922.0
3911,2,8.5,12.8,58,10710220.0
707,3,7.3,14.1,59,2524525.0
2568,4,6.7,6.6,3,9633815.0
1490,3,5.4,22.6,60,4541141.0
2903,5,4.1,8.6,33,11236740.0
3567,6,1.8,1.9,6,13637356.0
1167,5,8.0,11.1,28,5710673.0
3151,2,7.1,13.8,52,10442449.0
2602,1,8.8,48.4,87,4889581.0
536,4,9.2,32.5,76,960249.0
3780,1,3.0,30.6,39,11041692.0
3419,6,6.8,21.5,48,12551786.0
3988,3,5.1,11.3,38,12437570.0
3273,5,8.4,20.2,13,10693907.0
530,5,10.0,48.3,47,799108.0
2799,6,6.3,14.5,87,9434775.0
942,4,1.6,49.4,81,1831675.0
1831,3,3.4,35.7,83,4450930.0
1723,2,2.3,38.4,7,4100102.0
3799,5,4.6,16.3,17,13019658.0
3454,1,6.9,49.9,33,8129107.0
2214,4,4.5,2.2,90,8907250.0
2843,2,4.1,35.8,87,6894823.0
2689,6,8.1,45.4,85,8554161.0
1968,5,3.7,8.9,84,7562006.0
2786,2,3.6,23.8,94,7813269.0
1559,6,8.3,38.3,23,5654409.0
3284,3,6.9,11.5,28,9885639.0
3548,3,4.8,44.4,47,9900204.0
1567,5,3.6,42.6,60,4994226.0
719,6,6.3,47.2,9,2868225.0
2434,2,5.5,43.4,48,5986584.0
2670,3,4.7,43.6,19,8492650.0
1062,2,4.1,49.4,58,1197131.0
1086,3,8.8,9.4,10,3592502.0
2497,3,6.7,9.3,81,7639430.0
737,1,5.1,10.9,99,1383262.0
1190,5,7.9,24.7,97,3741307.0
3693,1,2.2,22.0,54,11083508.0
2152,4,9.7,19.5,4,7701252.0
2686,2,7.6,47.5,41,5932627.0
3600,5,2.7,34.0,80,11013823.0
3504,2,3.0,43.9,39,9557707.0
1028,1,4.5,29.6,21,1772889.0
767,1,3.7,14.9,93,2037465.0
2631,5,5.7,22.0,87,8889461.0
1048,3,10.0,24.8,96,1666128.0
1271,2,9.5,46.0,51,2581752.0
578,2,3.0,49.3,27,1231938.0
3506,1,6.3,8.9,46,9906606.0
3412,6,8.1,19.1,81,11372150.0
1547,5,6.6,29.9,6,5598932.0
3211,1,6.9,1.5,88,9595228.0
974,4,5.0,6.6,32,4761272.0
2443,6,2.4,34.9,80,9449102.0
538,3,4.8,5.5,66,2440527.0
1605,5,6.5,7.3,13,6335852.0
2595,6,6.6,14.5,100,8710341.0
935,4,2.8,10.4,33,3974535.0
3905,5,9.8,18.2,52,12548437.0
1709,2,1.4,25.1,26,5999278.0
3318,4,4.0,0.6,85,11340195.0
864,1,8.5,33.6,19,1078893.0
868,5,1.7,36.3,32,3450789.0
3139,2,5.1,48.9,33,8391196.0
2401,1,1.9,9.1,5,8796466.0
3990,3,4.2,34.0,54,11314566.0
3525,1,1.9,38.0,5,9215281.0
539,2,7.0,8.9,45,2269080.0
2292,5,3.4,36.8,47,7801945.0
3838,3,2.6,20.3,58,12872353.0
1613,4,7.2,24.2,53,5435964.0
3157,2,2.0,35.0,7,8806354.0
3958,2,1.9,45.6,61,10894327.0
3786,5,7.1,9.5,48,13487351.0
3691,3,6.5,43.2,93,10208241.0
1035,4,9.3,6.1,52,4363637.0
2305,1,1.6,32.9,1,6638337.0
3385,6,5.7,37.3,92,11344647.0
2814,2,9.8,33.7,43,7753079.0
2626,5,7.2,31.1,55,8652354.0
3210,6,3.2,17.6,86,11416441.0
3127,4,2.3,41.4,78,9264356.0
723,1,6.8,8.3,60,2377254.0
3989,4,8.8,4.2,62,12658533.0
1813,2,4.0,14.3,64,5688336.0
1412,5,6.8,20.5,30,5184331.0
822,4,5.0,28.9,11,2980372.0
2541,4,3.8,49.0,95,7457225.0
3176,1,1.9,20.9,71,9033549.0
2749,1,8.4,39.7,79,6050218.0
3111,3,9.0,28.3,83,7923072.0
3250,4,9.6,18.5,6,10708126.0
3844,2,8.6,16.9,98,11159742.0
3038,5,5.3,33.0,91,10560627.0
2353,1,1.9,33.1,0,6060111.0
1898,3,8.5,48.2,37,4358575.0
2743,5,4.4,5.8,21,10518691.0
2516,2,8.4,37.3,52,6871726.0
938,3,6.5,9.8,50,3376353.0
1383,4,8.4,9.9,43,5238510.0
941,4,1.4,31.8,86,3466948.0
2911,1,7.9,22.8,84,7476304.0
2913,5,2.2,25.2,67,9700784.0
3515,1,6.0,21.9,74,9577044.0
2478,5,8.0,45.6,88,7450815.0
2869,2,7.6,6.9,49,8243743.0
3193,5,6.5,16.4,49,10930484.0
2214,5,9.2,38.2,35,6286940.0
2129,3,9.7,22.9,17,6784523.0
1065,4,6.4,44.4,65,1748407.0
1724,6,5.9,16.0,94,6532540.0
2767,6,3.0,10.9,91,10689605.0
1690,6,4.1,33.8,90,6802762.0
3162,2,5.5,34.9,41,8453125.0
3409,1,7.8,28.3,74,8384401.0
2837,6,7.4,33.9,68,10176578.0
1671,4,8.3,26.4,3,4623994.0
2060,2,1.5,3.3,34,6095598.0
3572,2,9.9,34.3,18,9641007.0
3938,1,7.2,15.1,96,10607973.0
2716,1,4.2,22.9,78,6682384.0
3266,6,6.1,11.6,82,12052178.0
2798,4,3.1,39.3,89,8295900.0
1678,6,7.0,46.4,49,4986961.0
2206,6,3.8,27.8,1,7702848.0
3546,3,2.8,43.5,56,10339228.0
3899,2,9.2,35.4,82,10422100.0
2006,5,5.9,30.4,99,6363413.0
3469,2,3.6,9.3,87,11570318.0
805,2,9.7,36.9,15,500000
2045,1,4.9,28.1,16,4397238.0
1159,5,8.6,0.8,59,4936046.0
3406,2,1.4,46.5,76,8850207.0
708,6,6.5,33.3,62,3120669.0
3735,5,6.0,4.1,90,12829382.0
1801,5,3.0,9.6,8,7759027.0
3720,5,2.4,27.4,51,11669231.0
876,3,3.0,11.1,42,4284882.0
1856,3,3.6,47.5,79,4396925.0
2672,4,10.0,41.3,83,7594647.0
536,1,7.0,22.6,82,539362.0
3013,5,3.2,2.5,41,11617376.0
2062,1,4.5,27.2,36,5480883.0
601,5,8.4,19.1,65,2906854.0
2325,4,1.4,45.0,24,7286361.0
1812,5,1.7,5.2,98,8180576.0
2703,5,1.1,3.7,85,10487260.0
3078,2,8.8,21.5,13,9068501.0
1342,5,8.5,44.0,94,3461133.0
3675,4,6.8,47.0,95,10740058.0
3310,2,1.2,36.0,4,9151804.0
858,1,1.5,39.8,71,1979470.0000000002
788,5,8.4,45.6,52,1963922.0
2089,4,6.7,21.9,2,6276613.0
2095,6,2.1,0.8,92,9139052.0
3032,1,7.8,29.5,89,7055475.0
3974,1,4.2,25.4,37,11467321.0
3723,6,3.7,4.8,97,13247689.0
2292,4,4.6,33.2,60,6732909.0
1140,5,3.0,37.5,69,2955230.0
1708,6,2.3,34.0,93,6002847.0
3153,3,9.6,1.1,71,8877061.0
1079,1,1.4,28.8,50,1615049.0
2700,5,9.5,15.6,95,9275207.0
3536,6,4.1,20.9,82,12635900.0
3987,5,2.3,9.6,78,14073728.0
3919,3,2.7,9.5,72,12168512.0
3990,1,8.7,46.7,70,9391145.0
2389,6,5.9,14.9,8,9290199.0
1526,1,2.8,29.2,42,3048818.0
1962,2,7.0,12.1,36,6652699.0
3037,1,9.1,16.2,57,8544681.0
1844,5,6.9,34.8,19,5896518.0
2816,5,4.3,16.2,54,9951442.0
1190,1,3.8,39.4,91,1869191.0
3530,6,4.9,42.1,17,10389133.0
3283,6,4.0,24.3,57,11325412.0
1969,3,5.4,5.9,82,6321008.0
2984,1,8.6,43.0,17,6356190.0
2706,2,3.4,44.4,9,6872450.0
3479,1,9.0,42.6,80,8905843.0
627,5,6.2,38.6,27,2516421.0
650,5,3.3,44.8,69,1749411.0
2433,6,8.0,18.6,28,9215291.0
